id;name
0;Beck Mueller
1;Nehru Blanchard
2;Jayme Alvarez
3;Hunter Newton
4;Quincy Chambers
5;Ashely Juarez
6;Debra Jacobs
7;Jameson Rich
8;Casey Gaines
9;Dustin Reyes
10;Zenaida Kane
11;Macon Mosley
12;Maris Britt
13;Noelle Maxwell
14;Idona Nunez
15;Adrian Sargent
16;Patrick Gilmore
17;Avram Parsons
18;Jocelyn Mcdowell
19;Harlan Combs
20;Marah Welch
21;Deacon Melendez
22;Jade Caldwell
23;Stewart Mccormick
24;Wendy Schmidt
25;Vanna Alston
26;Moana Whitley
27;Roth Buckner
28;Justine Vance
29;Brenna Holman
30;Florence Henderson
31;Barbara Fox
32;Ciara Mccarthy
33;Veda Donaldson
34;Sierra Middleton
35;Sawyer Mccarthy
36;Philip Daugherty
37;Kylee Ewing
38;Hammett Nieves
39;Dominique Joyce
40;Dana Merritt
41;Jennifer Hahn
42;Macey Caldwell
43;Iris Davenport
44;Buffy Jackson
45;Violet Paul
46;Erich Flowers
47;Harlan Herman
48;Clare Todd
49;Heather Ramsey
50;Idola Levy
51;Dominic Mccarthy
52;Rina Hanson
53;Daquan Valencia
54;Charles Wheeler
55;Summer Hoover
56;Plato Jacobs
57;Quentin Walter
58;Wendy Kane
59;Malachi Franco
60;Colin Shaffer
61;Karyn Joyner
62;Uriel Marsh
63;Jada Robles
64;Xander William
65;Gareth Berry
66;Gwendolyn Hoffman
67;Hashim Mcmahon
68;Ashton Rice
69;Kenneth Hampton
70;Reese Simmons
71;Erica Mcclure
72;Risa Snow
73;Avye Odonnell
74;Laura Rosario
75;Griffin Baird
76;Quyn Fisher
77;Skyler Palmer
78;Xena Carrillo
79;Coby David
80;Fallon Holt
81;Nichole Oneil
82;Thane Foley
83;Quintessa Pruitt
84;Chava Waller
85;Judith Harper
86;Salvador Randall
87;Ima Quinn
88;Kameko Whitehead
89;Vielka Foreman
90;Lavinia Williamson
91;Arden Clarke
92;Heidi Sanchez
93;Brenna Page
94;Claudia Tyler
95;Evangeline Hardin
96;Oscar House
97;Geoffrey Leblanc
98;Uma Soto
99;Donna French
